iso_code,country,year,school_life_expectancy_secondary_male_years,school_life_expectancy_secondary_female_years,out_sch_childn_adoles_youth_secondary_sch_age_male,out_sch_childn_adoles_youth_of_secondary_sch_age_female,number_of_males_enroled_in_secondary_education,number_of_females_enroled_in_secondary_education,number_of_teachers_in_secondary_education_both_sexes,%_of_teachers_in_secondary_education_female,expenditure_books_ secondary_public_institutions_(%),%_teaching_staff_compensation_expendi_secondary_public_insti
DZA,Algeria,2010,6.81,7.31,,,,,,,,
AGO,Angola,2010,2.22,1.5,614015,831619,503419,346915,,,,
BWA,Botswana,2010,,,,,,,,,,
BFA,Burkina Faso,2010,1.76,1.33,804822,872926,309361,228627,17780,16.78,,
CPV,Cabo Verde,2010,4.49,5.56,10541,11127,28248,33429,3522,40.97,,
CMR,Cameroon,2010,3.46,2.78,,,771513,617974,,,0.326,59.88
BDI,Burundi,2010,2,1.42,315921,363405,196235,141342,11275,19.79,0,66.21
CAF,Central African Republic,2010,,,,,,,1653,12.34,,
TCD,Chad,2010,2.18,0.93,,,303453,126930,13253,5.55,,
COM,Comoros,2010,,,,,,,,,,
COG,"Congo, Rep.",2010,,,,,,,,,,
COD,"Congo, Dem. Rep.",2010,2.82,1.62,,,2216097,1268362,218320,10.57,,56.99
CIV,Cote d'Ivoire,2010,,,,,,,,,0,54.59
DJI,Djibouti,2010,,,,,,,,,,
EGY,"Egypt, Arab Rep.",2010,3.92,3.85,,,3555777,3289971,,,,
GNQ,Equatorial Guinea,2010,,,,,,,,,,
ERI,Eritrea,2010,4.18,3.13,88074,125563,141255,106827,6413,15.87,,
ETH,Ethiopia,2010,2.15,1.75,,,2357453,1863886.568,97660,21.06,2.428,
SWZ,Eswatini,2010,3.48,3.19,7478,12868,44650,43969,4890,48.2,,
GAB,Gabon,2010,,,,,,,,,,
GMB,"Gambia, The",2010,2.79,2.68,73716,74279,,60682,,,,56.57
GHA,Ghana,2010,,,,,,,112252,24.17,4.291,43.3
GNB,Guinea-Bissau,2010,,,,,,,,,0.647,66.88
GIN,Guinea,2010,,,442177,572302,,,,,,50.4
KEN,Kenya,2010,,,,,,,,,,
LSO,Lesotho,2010,2.25,3.1,28838,20576,53160,71893,4893,56.06,,
LBY,Libya,2010,,,,,,,,,,
LBR,Liberia,2010,,,,,,,,,,
MWI,Malawi,2010,2.23,1.88,335557,410758,364898,327260,16011,27.04,11.466,
MDG,Madagascar,2010,,,820769,858477,,,,,,
MLI,Mali,2010,2.59,1.77,609513,723599,453668,304617,,,8.095,50.18
MRT,Mauritania,2010,1.58,1.28,,,,49859,,,,
MUS,Mauritius,2010,5.96,6.21,,,66737,64205,8323,58.02,,
MOZ,Mozambique,2010,1.48,1.18,531218,706216,369516,302386,19690,17.95,,
MAR,Morocco,2010,3.99,3.54,600827,735661,1302256,1091019,,,,
NAM,Namibia,2010,,,,,,,,,,
NGA,Nigeria,2010,2.7,2.36,,,4905153,4151615,390427,47.88,,
NER,Niger,2010,1.05,0.74,1006825,1022179,,123736,9945,18.3,,
RWA,Rwanda,2010,1.95,1.94,,,209926,215661,,,,
STP,Sao Tome and Principe,2010,2.55,2.62,2881,2950,5043,5054,,,,
SEN,Senegal,2010,2.78,2.42,,,389459,335749,,,3.656,63.51
SYC,Seychelles,2010,5.26,5.43,1343,1122,3819,3735,592,60.14,,
SOM,Somalia,2010,,,,,,,,,,
SLE,Sierra Leone,2010,,,,,,,,,,79.5
ZAF,South Africa,2010,4.18,4.49,,,2291226,2398374,,,,94.96
SDN,Sudan,2010,2.13,1.83,,,914379,772977,,,,
SSD,South Sudan,2010,,,,,,,,,,
TZA,Tanzania,2010,2.11,1.72,,,,817416,,,,
TGO,Togo,2010,,,,,,,,,1.182,
TUN,Tunisia,2010,5.99,6.35,,,577479,586354,87585,,,
UGA,Uganda,2010,,,,,682533,582409,66091,22.89,0.142,17.07
ZMB,Zambia,2010,,,,,,,,,,
ZWE,Zimbabwe,2010,,,,,,,,,,
BEN,Benin,2010,,,,,,,,,,87.03
DZA,Algeria,2011,6.99,7.47,,,,,,,,
AGO,Angola,2011,2.07,1.34,,,536056,348926,32279,,,
BWA,Botswana,2011,,,,,,,,,,
BFA,Burkina Faso,2011,1.92,1.47,810332,876072,344410,259758,22809,16.27,,
CPV,Cabo Verde,2011,4.67,5.72,9583,6934,28700,33522,3614,41.39,,
CMR,Cameroon,2011,3.92,3.27,,,857847,716604,65261,28.23,1.996,63.66
BDI,Burundi,2011,2.21,1.62,295204,331048,219126,161915,12968,20.36,0,64.05
CAF,Central African Republic,2011,1.5,0.82,247036,307258,80818,45199,1886,11.93,,
TCD,Chad,2011,2.2,0.98,,,318680,137868,14275,7.44,,54.87
COM,Comoros,2011,,,,,,,,,,
COG,"Congo, Rep.",2011,,,,,,,,,,
COD,"Congo, Dem. Rep.",2011,3.24,1.86,,,2389964,1392981,248591,,,
CIV,Cote d'Ivoire,2011,,,,,,,,,0,55.01
DJI,Djibouti,2011,,,,,28564,22401,1827,21.02,,
EGY,"Egypt, Arab Rep.",2011,4.35,4.33,,,3992232,3753708,,,,
GNQ,Equatorial Guinea,2011,,,,,,,,,,
ERI,Eritrea,2011,4.15,3.2,96724,131179,144510,112002,6495,14.55,,
ETH,Ethiopia,2011,2.19,1.93,,,2477495,2124225,112608,26.23,2.096,
SWZ,Eswatini,2011,3.61,3.27,5886,11642,46231,44374,5250,48.44,,
GAB,Gabon,2011,,,,,,,,,,
GMB,"Gambia, The",2011,,,76219,75120,,,,,,69.27
GHA,Ghana,2011,,,,,1145511,989813,115086,24.25,,
GNB,Guinea-Bissau,2011,,,,,,,,,1.075,70.56
GIN,Guinea,2011,3.26,2.04,466291,590188,395459,244786,19322,5.44,,59.33
KEN,Kenya,2011,,,,,,,,,17.723,64.42
LSO,Lesotho,2011,2.38,3.27,28050,18768,,75865,5282,55.77,,
LBY,Libya,2011,,,,,,,,,,
LBR,Liberia,2011,2.91,2.33,,,132263,105380,14614,4.64,,
MWI,Malawi,2011,2.28,1.95,335729,404173,387246,349088,17479,28.21,13.872,
MDG,Madagascar,2011,2.42,2.35,835267,870556,,640893,,,,
MLI,Mali,2011,2.7,1.88,608641,725435,488016,333144,33220,10.53,12.748,36.99
MRT,Mauritania,2011,1.78,1.41,,,,56065,,,,
MUS,Mauritius,2011,6.09,6.33,14291,10965,67106,64085,8507,59.03,,
MOZ,Mozambique,2011,1.49,1.26,577189,741280,383624,332665,21553,19.09,,
MAR,Morocco,2011,4.19,3.68,538870,679998,1356464,1122523,,,,
NAM,Namibia,2011,,,,,,,,,,
NGA,Nigeria,2011,2.78,2.38,,,5252504,4338701,,,,
NER,Niger,2011,1.14,0.76,1047495,1071446,,134021,9873,19.35,7.902,
RWA,Rwanda,2011,2.16,2.23,,,235755,250687,20522,27.79,,
STP,Sao Tome and Principe,2011,2.76,3.17,3123,2681,5594,6290,601,19.97,,
SEN,Senegal,2011,3.12,2.85,,,444968,403062,31525,18.69,1.922,55.96
SYC,Seychelles,2011,5.14,5.29,,,3605,3508,603,58.37,1.503,70.53
SOM,Somalia,2011,,,,,,,,,,
SLE,Sierra Leone,2011,2.76,2.09,,,,151353,17194,12.47,,77.48
ZAF,South Africa,2011,4.3,4.6,,,2329215,2426896,,,1.838,
SDN,Sudan,2011,1.9,1.71,1256877,1310480,808860,721960,,,,
SSD,South Sudan,2011,0.93,0.46,236870,370642,89139,44860,,,,
TZA,Tanzania,2011,,,,,,,,,,
TGO,Togo,2011,,,,,,,20798,,,86.26
TUN,Tunisia,2011,6.14,6.37,,,577968,574185,84562,50.84,,
UGA,Uganda,2011,,,,,678324,575681,49322,23.84,0,13.08
ZMB,Zambia,2011,,,,,,,,,,
ZWE,Zimbabwe,2011,,,,,,,,,,
BEN,Benin,2011,3.92,2.46,,,449605,274122,,,,
DZA,Algeria,2012,,,,,,,,,,
AGO,Angola,2012,,,,,,,,,,
BWA,Botswana,2012,,,12747,11109,,,,,,
BFA,Burkina Faso,2012,2.05,1.63,813945,866632,379088,297249,25684,16.52,,
CPV,Cabo Verde,2012,4.81,5.93,8625,5812,28544,33412,3689,41.91,,
CMR,Cameroon,2012,4.11,3.47,660969,805127,928342,785110,79943,44.4,,59.23
BDI,Burundi,2012,2.41,1.83,302235,323011,237858,182259,14141,20.83,,
CAF,Central African Republic,2012,1.53,0.78,253897,314475,82760,43147,1848,11.04,,
TCD,Chad,2012,2.11,0.98,,,315454,142580,15384,6.38,1.529,53.3
COM,Comoros,2012,,,,,,,,,,
COG,"Congo, Rep.",2012,3.79,3.28,,,182429,156821,18165,9.19,,
COD,"Congo, Dem. Rep.",2012,2.93,1.73,,,2452977,1441047,253929,11.38,,
CIV,Cote d'Ivoire,2012,,,,,,,,,2.589,51.03
DJI,Djibouti,2012,,,,,31432,23650,2074,24.2,,
EGY,"Egypt, Arab Rep.",2012,4.4,4.35,,,4085763,3824349,,,,
GNQ,Equatorial Guinea,2012,,,,,,,,,,
ERI,Eritrea,2012,4.22,3.26,100108,134753,149444,116156,7010,16.43,,
ETH,Ethiopia,2012,2.08,1.93,,,2616960,2311750,122147,24.27,2.595,
SWZ,Eswatini,2012,3.7,3.37,5246,9405,47026,44888,5556,48.67,,
GAB,Gabon,2012,,,,,,,,,,
GMB,"Gambia, The",2012,,,76118,76177,,,,,,49.33
GHA,Ghana,2012,,,,,1194245,1029576,121795,24.45,,58.75
GNB,Guinea-Bissau,2012,,,,,,,,,0.351,72.65
GIN,Guinea,2012,3.15,1.95,460358,590453,412855,256142,,,,57.49
KEN,Kenya,2012,,,,,,,93171,41.16,19.449,61.18
LSO,Lesotho,2012,2.49,3.39,29185,21665,56202,74946,5302,56.28,,
LBY,Libya,2012,,,,,,,,,,
LBR,Liberia,2012,,,,,,,,,,
MWI,Malawi,2012,2.29,1.94,353891,425751,403775,357591,18336,27.8,10.102,
MDG,Madagascar,2012,2.54,2.47,845310,872543,718371,686692,50842,43.52,,
MLI,Mali,2012,,,,,,,,,17.036,43.54
MRT,Mauritania,2012,2.15,1.68,126750,154286,,68324,,,,
MUS,Mauritius,2012,6.29,6.55,,,62917,64206,8643,59.34,,
MOZ,Mozambique,2012,1.44,1.26,628007,784085,384613,343282,22008,19.07,15.452,52.99
MAR,Morocco,2012,4.38,3.81,468175,611912,,1148609,,,,
NAM,Namibia,2012,,,16907,17439,,,,,,
NGA,Nigeria,2012,2.78,2.55,,,5426794,4785456,,,,
NER,Niger,2012,1.22,0.85,,,232984,155657,,,,
RWA,Rwanda,2012,2.31,2.45,,,255503,279209,23335,27.42,,
STP,Sao Tome and Principe,2012,3.18,3.59,3594,3846,6663,7398,,,,
SEN,Senegal,2012,3.35,3.15,545214,552630,489901,455891,38068,19.96,1.532,59.67
SYC,Seychelles,2012,5.94,5.89,,,4031,3749,605,60.5,,
SOM,Somalia,2012,,,,,,,,,,
SLE,Sierra Leone,2012,2.87,2.48,,,,185390,18482,12.34,,
ZAF,South Africa,2012,4.45,4.77,,,2370858,2472942,,,1.346,
SDN,Sudan,2012,2.06,1.87,,,911802,811886,,,,
SSD,South Sudan,2012,,,,,,,,,,
TZA,Tanzania,2012,,,1969184,2041907,,,,,,
TGO,Togo,2012,,,,,,,,,3.09,51.93
TUN,Tunisia,2012,,,,,,,,,,
UGA,Uganda,2012,,,,,698089,598727,41467,23.58,0,17.03
ZMB,Zambia,2012,,,,,,,,,,
ZWE,Zimbabwe,2012,3.33,3.07,248120,319260,474817,461917,41759,44.68,0.081,96.85
BEN,Benin,2012,,,,,,,,,,64.1
DZA,Algeria,2013,,,,,,,,,,
AGO,Angola,2013,,,,,,,,,,
BWA,Botswana,2013,,,12748,11063,,,,,,
BFA,Burkina Faso,2013,2.19,1.82,815198,847352,419478,342967,28335,16.36,,
CPV,Cabo Verde,2013,5.11,6.16,7647,4824,29190,33107,3624,43.05,,82
CMR,Cameroon,2013,4.26,3.59,,,982215,830634,92598,35.04,,
BDI,Burundi,2013,2.7,2.19,,,270435,220423,15504,20.39,,
CAF,Central African Republic,2013,,,,,,,,,,
TCD,Chad,2013,2.33,1.09,,,361065,164154,14683,,,
COM,Comoros,2013,4.24,4.36,23350,21993,33820,33944,7728,10.74,,
COG,"Congo, Rep.",2013,,,,,,,,,,
COD,"Congo, Dem. Rep.",2013,2.86,1.76,,,2473229,1522402,281324,11.86,,
CIV,Cote d'Ivoire,2013,,,1019884,1180370,746927,498340,,,2.759,53.44
DJI,Djibouti,2013,,,,,,24507,2274,24.49,,
EGY,"Egypt, Arab Rep.",2013,4.47,4.38,,,4207930,3913804,,,,
GNQ,Equatorial Guinea,2013,,,,,,,,,,
ERI,Eritrea,2013,4.19,3.25,100418,133790,151133,117501,6981,17.6,,
ETH,Ethiopia,2013,1.98,1.87,,,2386095,2180759,,,2.377,
SWZ,Eswatini,2013,3.76,3.53,4439,7765,47395,46066,5843,49.12,,
GAB,Gabon,2013,,,,,,,,,,
GMB,"Gambia, The",2013,,,69739,67941,,,4213,15.55,,80.34
GHA,Ghana,2013,,,383107,457418,1257971,1098697,134438,24.02,,
GNB,Guinea-Bissau,2013,,,,,,,,,,61.4
GIN,Guinea,2013,3.17,1.99,463237,593271,426844,264153,24378,6.04,,46.87
KEN,Kenya,2013,,,,,,,,,16.814,65.79
LSO,Lesotho,2013,2.47,3.28,29523,21312,55897,74579,5405,55.74,,
LBY,Libya,2013,,,,,,,,,,
LBR,Liberia,2013,,,,,,,,,,
MWI,Malawi,2013,2.46,2.13,358144,418719,450195,403014,20470,28.88,7.782,
MDG,Madagascar,2013,,,,,,,13507,47.66,,65.39
MLI,Mali,2013,2.62,2.04,,,500009,382371,45778,15.41,17.695,42.42
MRT,Mauritania,2013,2.42,2.06,137977,165985,89671,81594,,,,
MUS,Mauritius,2013,6.48,6.65,10990,7485,64600,64579,9845,56.44,,
MOZ,Mozambique,2013,1.96,1.73,628922,782850,529930,479062,24317,20.88,15.452,52.99
MAR,Morocco,2013,,,,,,,,,,
NAM,Namibia,2013,,,,,,,,,,
NGA,Nigeria,2013,3.34,3.05,,,6665709,5867044,,,,
NER,Niger,2013,1.3,0.92,,,261553,177607,16406,20.13,1.962,
RWA,Rwanda,2013,1.82,1.97,,,278639,303323,25532,28.52,,
STP,Sao Tome and Principe,2013,3.71,4.05,3133,2860,,8390,,,,
SEN,Senegal,2013,3.49,3.38,547084,544089,523573,501516,39337,16.92,1.826,62.82
SYC,Seychelles,2013,5.86,6.41,504,699,3623,3732,595,60.5,,
SOM,Somalia,2013,,,,,,,,,,
SLE,Sierra Leone,2013,2.93,2.57,285515,306320,222541,194766,20196,13.15,,
ZAF,South Africa,2013,4.85,5.24,,,2543794,2689321,,,2.345,81.45
SDN,Sudan,2013,2.11,1.99,,,973603,897164,,,,
SSD,South Sudan,2013,,,,,,,,,,82.78
TZA,Tanzania,2013,1.78,1.61,2120166,2152020,1072797,979498,,,,
TGO,Togo,2013,,,,,,,,,2.188,50.21
TUN,Tunisia,2013,,,,,,,,,,
UGA,Uganda,2013,,,,,762327,658910,66666,23.92,1.596,18.37
ZMB,Zambia,2013,,,,,,,,,,
ZWE,Zimbabwe,2013,3.34,3.06,250248,322384,482803,474658,42585,45.72,0.148,96.47
BEN,Benin,2013,4.4,2.94,340101,464523,525246,343744,88460,10.65,,65.83
DZA,Algeria,2014,,,,,,,,,,
AGO,Angola,2014,,,,,,,,,,
BWA,Botswana,2014,,,14147,18597,,,,,,
BFA,Burkina Faso,2014,2.22,1.92,819214,835812,456834,385052,31078,16.44,,
CPV,Cabo Verde,2014,5.16,6.18,6949,3859,28293,31530,3728,43.21,0,86.89
CMR,Cameroon,2014,4.6,3.85,642682,797592,1086346,913730,97921,33.46,,
BDI,Burundi,2014,3.09,2.68,307678,301476,310629,272679,15673,22.91,,
CAF,Central African Republic,2014,,,,,,,,,,
TCD,Chad,2014,2.18,1,,,351747,156983,13895,,,
COM,Comoros,2014,4.38,4.62,22081,20186,34542,35692,8150,10.04,,
COG,"Congo, Rep.",2014,,,,,,,,,,
COD,"Congo, Dem. Rep.",2014,3.05,1.89,,,2714212,1674244,300719,12.12,,
CIV,Cote d'Ivoire,2014,3.31,2.42,918113,1056054,836600,581761,63602,14.6,2.457,55.16
DJI,Djibouti,2014,,,,,32694,25859,2386,24.06,1.96,
EGY,"Egypt, Arab Rep.",2014,4.42,4.39,1538136,1459321,4221874,3986455,,,,
GNQ,Equatorial Guinea,2014,,,,,,,,,,
ERI,Eritrea,2014,4.1,3.25,102338,135500,150694,119394,6654,19.06,,
ETH,Ethiopia,2014,2.01,1.91,4008959,4094774,2485165,2298544,,,,
SWZ,Eswatini,2014,3.91,3.75,5614,6811,49015,48214,6115,49.29,11.487,65.17
GAB,Gabon,2014,,,,,,,,,,
GMB,"Gambia, The",2014,,,70176,67290,,,4525,15.34,,
GHA,Ghana,2014,,,496031,545787,1192788,1051765,143254,24.35,,
GNB,Guinea-Bissau,2014,,,,,,,,,,
GIN,Guinea,2014,3.32,2.17,476781,610034,435701,280001,25419,6.45,11.917,48.96
KEN,Kenya,2014,,,,,,,185361,42.46,15.416,66.44
LSO,Lesotho,2014,2.48,3.31,30806,21947,55836,75000,5587,55.54,,
LBY,Libya,2014,,,,,,,,,,
LBR,Liberia,2014,2.83,2.13,66218,96682,127023,95834,14974,4.63,,
MWI,Malawi,2014,2.57,2.24,349237,403763,483689,436540,23468,28.52,4.075,
MDG,Madagascar,2014,2.6,2.56,927405,929898,754033,739797,64622,43.66,,
MLI,Mali,2014,2.81,2.07,644270,748228,557495,403551,50882,18.08,22.811,26.65
MRT,Mauritania,2014,2.45,2.03,144308,166244,94754,84214,5408,11.83,,
MUS,Mauritius,2014,6.74,6.85,10744,7495,66902,66099,10026,56.33,,
MOZ,Mozambique,2014,1.92,1.71,682396,824534,537447,488528,25618,20.91,,
MAR,Morocco,2014,,,,,,,,,,
NAM,Namibia,2014,,,,,,,,,0.097,85.25
NGA,Nigeria,2014,2.74,2.45,,,5632653,4862930,,,,
NER,Niger,2014,1.44,1.05,1108004,1160872,302235,212840,20509,20.02,4.621,
RWA,Rwanda,2014,2.42,2.59,,,278907,308162,27116,29.21,,
STP,Sao Tome and Principe,2014,4.29,4.62,2119,2596,9324,10062,793,30.26,,
SEN,Senegal,2014,3.54,3.54,550900,530341,551617,543134,43661,19.44,1.303,76.63
SYC,Seychelles,2014,6.36,6.41,,,3642,3635,550,61.64,,
SOM,Somalia,2014,,,,,,,,,,
SLE,Sierra Leone,2014,,,,,,,,,,
ZAF,South Africa,2014,4.81,5.31,,,2510516,2710459,,,2.868,80.45
SDN,Sudan,2014,2.2,2,,,1045761,928551,,,,
SSD,South Sudan,2014,,,,,,,,,,61.68
TZA,Tanzania,2014,1.82,1.74,2356206,2293754,997633,949716,82810,33.36,,
TGO,Togo,2014,,,,,,,,,1.416,72.48
TUN,Tunisia,2014,,,,,,,,,,
UGA,Uganda,2014,,,,,778405,682164,63957,23.67,1.761,18.75
ZMB,Zambia,2014,,,,,,,,,,
ZWE,Zimbabwe,2014,,,255273,323996,,,,,0.094,97.41
BEN,Benin,2014,4.33,3.01,,,536004,360759,90439,11.04,1.338,64.3
DZA,Algeria,2015,,,,,,,,,,
AGO,Angola,2015,,,,,,,72859,29.01,,
BWA,Botswana,2015,,,16260,14115,,,,,,
BFA,Burkina Faso,2015,2.53,2.28,812541,814516,511234,454316,38322,16.53,,
CPV,Cabo Verde,2015,5.32,6.31,6223,3183,28024,30633,3575,44.67,0,81.74
CMR,Cameroon,2015,4.7,3.95,645921,800515,1142299,965980,106119,34.68,,
BDI,Burundi,2015,3.37,3.12,350214,331802,342496,321747,18558,20.88,,
CAF,Central African Republic,2015,,,,,,,,,,
TCD,Chad,2015,2.21,0.99,719793,890924,355189,158059,18696,6.89,,
COM,Comoros,2015,,,,,,,,,,
COG,"Congo, Rep.",2015,,,,,,,,,,
COD,"Congo, Dem. Rep.",2015,3.1,1.96,,,2826721,1792174,324324,12.46,,
CIV,Cote d'Ivoire,2015,3.44,2.64,995940,1092218,930074,657274,,,2.462,53.61
DJI,Djibouti,2015,,,,,33343,26140,2612,24.58,1.708,74.2
EGY,"Egypt, Arab Rep.",2015,,,,,,,,,,
GNQ,Equatorial Guinea,2015,,,,,,,,,,
ERI,Eritrea,2015,3.63,3,112076,140239,134818,110988,6322,20.64,,
ETH,Ethiopia,2015,2.09,2,4148595,4281803,2591889,2436789,81113,16.66,,
SWZ,Eswatini,2015,4.02,3.93,4928,5250,50476,50018,6362,49.7,,
GAB,Gabon,2015,,,,,,,,,,
GMB,"Gambia, The",2015,,,69771,65555,,,5936,15.75,,
GHA,Ghana,2015,,,428182,476306,1277571,1161195,146847,24.4,,
GNB,Guinea-Bissau,2015,,,,,,,,,,
GIN,Guinea,2015,2.9,1.87,517580,639190,406758,261012,27980,4.57,11.948,49.09
KEN,Kenya,2015,,,,,,,198752,42.18,18.227,65.73
LSO,Lesotho,2015,2.56,3.38,32033,23460,57214,76220,5571,55.57,,
LBY,Libya,2015,,,,,,,,,,
LBR,Liberia,2015,2.85,2.12,,,129626,97206,12334,5.08,,
MWI,Malawi,2015,2.55,2.26,366901,428131,499895,456378,25372,30.64,3.6,
MDG,Madagascar,2015,2.61,2.6,926343,918748,772669,763539,,,,
MLI,Mali,2015,2.58,2.03,697079,758182,533117,412367,49262,16.3,18.086,28.83
MRT,Mauritania,2015,2.45,2.08,,,98540,89020,5591,11.36,,
MUS,Mauritius,2015,6.45,6.72,10987,7777,64166,64842,10020,62.45,,
MOZ,Mozambique,2015,1.87,1.69,733950,864544,558785,514326,27040,21.33,,
MAR,Morocco,2015,,,,,,,,,,
NAM,Namibia,2015,,,14612,15079,,,,,,
NGA,Nigeria,2015,2.77,2.54,,,5900444,5215586,,,,
NER,Niger,2015,1.59,1.17,1131911,1193621,348443,246983,21296,20.14,0.77,
RWA,Rwanda,2015,2.32,2.45,,,271305,296533,29558,30.06,0,45.27
STP,Sao Tome and Principe,2015,4.98,5.37,1878,1682,10584,11539,1066,33.77,,
SEN,Senegal,2015,,,,,,,55786,27.03,0.155,64.57
SYC,Seychelles,2015,6.25,6.52,,,3650,3744,617,58.35,,
SOM,Somalia,2015,,,,,,,,,,
SLE,Sierra Leone,2015,3.06,2.7,302506,305426,239264,210056,21874,13.6,,
ZAF,South Africa,2015,5.26,5.26,255818,,2676709,2602487,190022,58.13,2.547,80.23
SDN,Sudan,2015,2.14,2.11,,,1049989,1009726,,,,
SSD,South Sudan,2015,1.05,0.55,374278,473139,107523,56612,,,,52.12
TZA,Tanzania,2015,1.58,1.55,2547516,2537579,896592,877791,,,,
TGO,Togo,2015,,,,,,,,,1.381,70.28
TUN,Tunisia,2015,,,,,,,,,,
UGA,Uganda,2015,,,1518963,1598526,,,,,,
ZMB,Zambia,2015,,,,,,,,,,56.4
ZWE,Zimbabwe,2015,,,242764,313735,,,,,,
BEN,Benin,2015,4.5,3.19,,,568166,395621,93366,12.12,1.354,65.63
DZA,Algeria,2016,,,,,,,,,,19.8
AGO,Angola,2016,3.95,2.58,,,1230182,803968,75997,29.08,,
BWA,Botswana,2016,,,,,,,,,,
BFA,Burkina Faso,2016,2.65,2.46,887540,871049,552326,505837,45254,16.28,0,52.66
CPV,Cabo Verde,2016,5.44,6.45,5797,2503,27687,30043,3607,46.27,0,81.31
CMR,Cameroon,2016,4.77,4.02,,,1193949,1012929,114601,34.8,,
BDI,Burundi,2016,3.58,3.51,342512,321130,362302,361055,22512,21.34,,
CAF,Central African Republic,2016,1.18,0.77,,,72168,46715,3433,12.76,,
TCD,Chad,2016,2.21,1.02,718973,901360,367779,167333,19721,6.94,,
COM,Comoros,2016,,,,,,,,,,
COG,"Congo, Rep.",2016,,,,,,,,,,
COD,"Congo, Dem. Rep.",2016,,,,,,,,,,
CIV,Cote d'Ivoire,2016,3.65,2.84,959373,1050905,1003430,723797,66852,15.34,0,78.32
DJI,Djibouti,2016,,,,,34027,27257,2580,25,1.45,54.02
EGY,"Egypt, Arab Rep.",2016,4.61,4.48,1451936,1457356,4530992,4213810,591205,46.33,,
GNQ,Equatorial Guinea,2016,,,,,,,,,,
ERI,Eritrea,2016,,,,,,,6435,19.88,,
ETH,Ethiopia,2016,,,,,,,,,,
SWZ,Eswatini,2016,4.27,4.29,,,54636,53652,6966,49.5,,
GAB,Gabon,2016,,,,,,,,,,
GMB,"Gambia, The",2016,,,71001,64234,,,8328,19.76,,
GHA,Ghana,2016,,,484898,506425,1304060,1207805,147969,24.81,,
GNB,Guinea-Bissau,2016,,,,,,,,,,
GIN,Guinea,2016,3.02,1.92,521714,651066,429473,272385,29024,4.76,11.948,49.09
KEN,Kenya,2016,,,,,,,,,,
LSO,Lesotho,2016,2.47,3.28,33974,25064,55032,73748,5559,54.69,,
LBY,Libya,2016,,,,,,,,,,
LBR,Liberia,2016,,,97281,105018,,,19532,9.23,,
MWI,Malawi,2016,2.57,2.22,402948,459875,503562,447993,,,2.947,
MDG,Madagascar,2016,2.61,2.61,1125603,1099598,783643,777664,,,,
MLI,Mali,2016,2.72,2.02,693528,800443,587634,426146,52033,16.02,14.147,29.05
MRT,Mauritania,2016,2.48,2.2,166082,175149,102844,97076,7582,10.41,,
MUS,Mauritius,2016,6.46,6.75,11585,8267,64036,64725,,,,
MOZ,Mozambique,2016,,,,,,432954,31000,21.58,,
MAR,Morocco,2016,,,,,,,,,,
NAM,Namibia,2016,,,15752,16211,,,,,1.222,
NGA,Nigeria,2016,2.49,2.25,,,5510738,4804058,,,,
NER,Niger,2016,1.82,1.37,1043963,1119916,415764,301896,26839,20.07,8.492,
RWA,Rwanda,2016,2.31,2.46,,,271627,300697,30805,30.36,0,43.03
STP,Sao Tome and Principe,2016,4.79,5.27,,,10970,12262,936,32.59,,
SEN,Senegal,2016,,,,,,,,,0.85,
SYC,Seychelles,2016,6.93,6.84,,,3597,3826,638,60.97,,
SOM,Somalia,2016,,,,,,,,,,
SLE,Sierra Leone,2016,3.04,2.85,302139,300989,253639,234187,22129,14.49,,47.55
ZAF,South Africa,2016,4.76,5.34,,,2483927,2680554,192359,57.96,,
SDN,Sudan,2016,2.07,2.02,,,1043329,997929,,,,
SSD,South Sudan,2016,,,,,,,,,,90.7
TZA,Tanzania,2016,1.53,1.51,2549104,2528306,906302,901372,113409,34.77,,
TGO,Togo,2016,,,,,,,,,1.31,73.15
TUN,Tunisia,2016,5.98,6.68,,,509188,537847,,,,
UGA,Uganda,2016,1.66,1.48,1523777,1598516,802513,718049,,,,
ZMB,Zambia,2016,,,,,,,,,,71.96
ZWE,Zimbabwe,2016,,,290827,349208,,,,,,
BEN,Benin,2016,4.36,3.3,,,571866,421133,90341,9.95,,
DZA,Algeria,2017,,,,,,,,,,17.53
AGO,Angola,2017,,,,,,,,,,
BWA,Botswana,2017,,,23611,21537,,,,,,
BFA,Burkina Faso,2017,2.81,2.67,893173,862466,600200,562097,49818,16.98,,
CPV,Cabo Verde,2017,5.42,6.43,5416,2166,27090,29379,3613,46.53,,
CMR,Cameroon,2017,3.97,3.38,875291,997250,1027053,880591,,,,
BDI,Burundi,2017,3.19,3.26,332037,299045,324566,340550,23729,25.91,,
CAF,Central African Republic,2017,1.35,0.9,262868,316645,82527,55317,4357,46.82,,
TCD,Chad,2017,1.95,1,815642,958441,336813,170261,22042,7.03,,
COM,Comoros,2017,4.01,4.25,24475,21545,33265,34180,12652,8.84,,
COG,"Congo, Rep.",2017,,,,,,,,,,
COD,"Congo, Dem. Rep.",2017,,,,,,,,,,
CIV,Cote d'Ivoire,2017,3.87,3.12,954025,1032377,1087513,810730,72134,16.22,0,76.43
DJI,Djibouti,2017,,,,,33464,27308,2674,26.44,,
EGY,"Egypt, Arab Rep.",2017,4.65,4.51,1470519,1482845,4634723,4303534,587512,46.69,5.055,60.14
GNQ,Equatorial Guinea,2017,,,,,,,,,,
ERI,Eritrea,2017,3.43,3,115032,139161,132431,114993,6766,22.21,,
ETH,Ethiopia,2017,,,,,,,,,,
SWZ,Eswatini,2017,,,,,,,,,,
GAB,Gabon,2017,,,,,,,,,,
GMB,"Gambia, The",2017,,,69837,59345,,,6545,18.62,,
GHA,Ghana,2017,,,513770,528066,1320229,1230485,163123,24.81,,
GNB,Guinea-Bissau,2017,,,,,,,,,,
GIN,Guinea,2017,,,,,,,,,11.948,49.09
KEN,Kenya,2017,,,,,,,,,,
LSO,Lesotho,2017,2.59,3.45,33439,24700,58179,78318,5386,55.46,,
LBY,Libya,2017,,,,,,,,,,
LBR,Liberia,2017,,,108424,115498,,,17512,6.24,,
MWI,Malawi,2017,2.43,2.23,,,515285,483655,,,,
MDG,Madagascar,2017,2.48,2.52,946379,926942,761489,767528,73617,43.35,,
MLI,Mali,2017,2.55,2.03,822530,893625,569117,448298,58364,13.54,14.415,20.54
MRT,Mauritania,2017,2.4,2.21,168546,177215,103323,100833,8612,11.38,,
MUS,Mauritius,2017,6.27,6.68,12394,8321,61643,63627,9901,58.01,,
MOZ,Mozambique,2017,2.07,1.85,,,638273,577941,33281,31.33,,
MAR,Morocco,2017,4.93,4.46,361906,426436,1537506,1309616,140474,36.26,,
NAM,Namibia,2017,,,15760,15498,,,11343,53.71,0.221,
NGA,Nigeria,2017,,,,,,,,,,
NER,Niger,2017,1.9,1.41,1187043,1253889,456847,329735,26456,21.6,11.535,
RWA,Rwanda,2017,2.35,2.57,199142,189249,286545,324427,23429,27.58,,
STP,Sao Tome and Principe,2017,5.09,5.67,,,12126,13749,,,,
SEN,Senegal,2017,,,,,,,,,0.663,71.14
SYC,Seychelles,2017,7.66,7.61,,,3550,3812,635,60.94,,
SOM,Somalia,2017,,,,,,,,,,
SLE,Sierra Leone,2017,2.98,2.9,306780,298777,250581,241559,20754,13.03,13.319,62.93
ZAF,South Africa,2017,4.9,5.38,530474,282854,2440141,2612039,,,2.275,77.46
SDN,Sudan,2017,2.24,2.23,,,1108196,1096838,,,,
SSD,South Sudan,2017,,,,,,,,,,
TZA,Tanzania,2017,1.56,1.57,2342236,2370208,955270,965254,112223,34.84,,
TGO,Togo,2017,5.01,3.64,178397,257226,422540,305409,,,,
TUN,Tunisia,2017,,,,,,,87483,53.28,,
UGA,Uganda,2017,1.5,1.34,,,753150,681128,70012,24.93,,
ZMB,Zambia,2017,,,,,,,,,9.92,67.42
ZWE,Zimbabwe,2017,,,314348,362532,,,,,,
BEN,Benin,2017,,,,,,,,,,
DZA,Algeria,2018,,,,,,,,,,
AGO,Angola,2018,,,,,,,,,,
BWA,Botswana,2018,,,,,,,,,,
BFA,Burkina Faso,2018,2.95,2.89,895561,852323,652414,628593,55407,17.01,,
CPV,Cabo Verde,2018,5.2,6.25,5580,2210,25491,27864,3460,47.02,,
CMR,Cameroon,2018,3.66,3.11,972898,1091463,972688,831910,,,,
BDI,Burundi,2018,3.06,3.32,370757,332722,319254,355601,25372,25.58,,
CAF,Central African Republic,2018,,,,,,,,,,
TCD,Chad,2018,1.87,0.99,791365,953167,336376,175465,20138,8.18,,
COM,Comoros,2018,4.24,4.6,19240,15594,36269,37426,8870,16.71,,
COG,"Congo, Rep.",2018,4.89,4.47,127533,143928,270073,246889,25847,9.96,,
COD,"Congo, Dem. Rep.",2018,,,,,,,378274,11.97,,
CIV,Cote d'Ivoire,2018,3.96,3.29,1020536,1056100,1153332,887188,74796,15.69,0,71.77
DJI,Djibouti,2018,,,,,35750,29394,2563,26.49,,
EGY,"Egypt, Arab Rep.",2018,4.68,4.54,1464764,1479044,4730847,4405942,602579,47.72,,
GNQ,Equatorial Guinea,2018,,,,,,,,,,
ERI,Eritrea,2018,3.52,3.1,113539,137142,138743,121678,7436,23.92,,
ETH,Ethiopia,2018,,,,,,,,,,
SWZ,Eswatini,2018,,,,,,,,,,
GAB,Gabon,2018,,,,,,,,,,
GMB,"Gambia, The",2018,,,66979,52197,,,7841,19.45,,
GHA,Ghana,2018,,,528150,530061,1377475,1299670,167150,25.19,,
GNB,Guinea-Bissau,2018,,,,,,,,,,
GIN,Guinea,2018,2.99,1.98,530683,658415,443928,296106,33601,5.05,11.948,49.09
KEN,Kenya,2018,,,,,,,,,,
LSO,Lesotho,2018,,,38558,30762,,,5532,54.79,,94.53
LBY,Libya,2018,,,,,,,,,,
LBR,Liberia,2018,,,,,,,,,,
MWI,Malawi,2018,2.34,2.26,483423,455547,527070,517292,14396,22.87,,
MDG,Madagascar,2018,2.43,2.51,1008589,978355,764723,783485,80227,41.67,,
MLI,Mali,2018,2.47,2.01,874976,941321,580934,465559,,,12.745,51.9
MRT,Mauritania,2018,2.65,2.51,166496,167203,119067,117708,9136,12.8,,
MUS,Mauritius,2018,6.24,6.56,13234,9605,60700,61724,11141,59.29,,
MOZ,Mozambique,2018,,,,,,508693,,,,
MAR,Morocco,2018,4.92,4.54,361098,423966,1534120,1336923,147805,36.96,,
NAM,Namibia,2018,,,17163,15473,,,,,,
NGA,Nigeria,2018,2.49,2.37,,,5932635,5441449,776048,45.81,,
NER,Niger,2018,,,1147974,1206817,,,29225,22.4,,
RWA,Rwanda,2018,2.44,2.67,202682,196683,308367,349918,23304,28.08,5.125,53.59
STP,Sao Tome and Principe,2018,,,2592,2625,,,,,,
SEN,Senegal,2018,,,,,,,,,0.496,72.67
SYC,Seychelles,2018,7.43,7.45,,,3682,3777,692,58.09,,
SOM,Somalia,2018,,,,,,,,,,
SLE,Sierra Leone,2018,3.05,2.96,352439,352089,266795,255241,30355,13.34,17.616,34.94
ZAF,South Africa,2018,4.75,5.15,461167,375391,2372828,2506132,,,2.198,75.95
SDN,Sudan,2018,2.12,2.15,1312384,1264027,1110665,1105597,,,,
SSD,South Sudan,2018,,,,,,,,,,
TZA,Tanzania,2018,1.68,1.72,2338562,2352477,1060901,1092603,102982,33.28,,
TGO,Togo,2018,,,,,,,,,,
TUN,Tunisia,2018,,,,,,,87280,53.7,,
UGA,Uganda,2018,,,,,,,,,,
ZMB,Zambia,2018,,,,,,,,,,
ZWE,Zimbabwe,2018,,,346082,387419,,,,,,
BEN,Benin,2018,,,,,,,,,,
DZA,Algeria,2019,,,,,,,,,,
AGO,Angola,2019,,,,,,,,,,
BWA,Botswana,2019,,,,,,,,,,
BFA,Burkina Faso,2019,2.97,3,962474,894675,673030,669113,60400,17.36,,
CPV,Cabo Verde,2019,5.3,6.29,5360,2407,25797,27819,3498,48.83,1.687,71.16
CMR,Cameroon,2019,3.5,2.97,,,958360,820025,,,,
BDI,Burundi,2019,2.68,3,423006,385993,302379,347890,25710,25.68,,
CAF,Central African Republic,2019,,,,,,,,,,
TCD,Chad,2019,1.89,1.02,840712,995802,351101,186287,22927,7.94,,
COM,Comoros,2019,,,,,,,,,,
COG,"Congo, Rep.",2019,,,,,,,,,,
COD,"Congo, Dem. Rep.",2019,,,,,,,,,,
CIV,Cote d'Ivoire,2019,4.11,3.5,1032160,1065500,1242368,984775,77178,16.37,0.03,53.56
DJI,Djibouti,2019,,,,,35516,29983,2441,26.46,,
EGY,"Egypt, Arab Rep.",2019,4.73,4.6,1447283,1452270,4866469,4547329,594045,48.19,,
GNQ,Equatorial Guinea,2019,,,,,,,,,,
ERI,Eritrea,2019,3.49,3.1,116222,138952,141107,124493,7205,22.78,,
ETH,Ethiopia,2019,,,,,,,,,,
SWZ,Eswatini,2019,,,,,,,,,,
GAB,Gabon,2019,4.35,4.84,64010,60130,99212,106165,9976,25.24,,
GMB,"Gambia, The",2019,,,67670,52145,,,8109,20.71,,
GHA,Ghana,2019,,,463657,448431,1457377,1393783,187914,25.32,,
GNB,Guinea-Bissau,2019,,,,,,,,,,
GIN,Guinea,2019,3.02,2.16,549159,666035,446678,314312,36050,5.48,65.187,3.94
KEN,Kenya,2019,,,,,,,,,,
LSO,Lesotho,2019,,,43100,34265,,,5520,54.75,,
LBY,Libya,2019,,,,,,,,,,
LBR,Liberia,2019,,,,,,,,,,
MWI,Malawi,2019,2.43,1.92,478628,551896,541229,448618,14528,23.91,,
MDG,Madagascar,2019,2.31,2.4,1089200,1038698,736398,758787,78148,41.02,,
MLI,Mali,2019,,,,,,,,,14.875,37.55
MRT,Mauritania,2019,2.74,2.71,154015,151742,128352,131521,9029,11.2,,
MUS,Mauritius,2019,6.46,6.58,13585,10004,61499,60556,10038,62.6,,
MOZ,Mozambique,2019,,,,,,548477,,,,
MAR,Morocco,2019,4.96,4.62,350310,398836,1548581,1372210,155188,37.11,,
NAM,Namibia,2019,,,,,,,,,,
NGA,Nigeria,2019,,,,,,,,,,
NER,Niger,2019,,,1244324,1287867,,,,,,
RWA,Rwanda,2019,2.59,2.86,220811,214154,341691,390413,23585,28.33,,
STP,Sao Tome and Principe,2019,4.61,4.98,,,11355,12634,,,,
SEN,Senegal,2019,2.91,3.34,,,544570,605274,,,0.557,73.39
SYC,Seychelles,2019,7.08,7.24,,,3623,3702,698,55.87,,
SOM,Somalia,2019,,,,,,,,,,
SLE,Sierra Leone,2019,4.26,4.22,251620,250236,382915,373855,29729,13.36,17.828,35.82
ZAF,South Africa,2019,4.91,5.25,407318,349207,2459530,2577164,200877.0156,58.44,1.608,75.04
SDN,Sudan,2019,2.12,2.24,1443316,1421672,1130559,1179279,72287,51.52,,
SSD,South Sudan,2019,,,,,,,,,,
TZA,Tanzania,2019,1.75,1.84,2362718,2358778,1138072,1206817,105802,33.24,,
TGO,Togo,2019,,,,,,,,,,
TUN,Tunisia,2019,,,,,,,,,,
UGA,Uganda,2019,,,,,,,,,,
ZMB,Zambia,2019,,,,,,,,,,
ZWE,Zimbabwe,2019,,,356676,385916,,,,,,
BEN,Benin,2019,,,,,,,,,,
DZA,Algeria,2020,,,,,,,,,,
AGO,Angola,2020,,,,,,,,,,
BWA,Botswana,2020,,,,,,,,,,
BFA,Burkina Faso,2020,2.88,2.99,1019640,931997,673618,687596,65024,17.12,,
CPV,Cabo Verde,2020,5.56,6.52,4352,2053,26941,28764,3561,48.81,,
CMR,Cameroon,2020,3.55,3.03,1049947,1163573,1004150,864832,,,,
BDI,Burundi,2020,2.73,3.24,418834,370395,335304,405945,,,,
CAF,Central African Republic,2020,,,,,,,,,,
TCD,Chad,2020,,,,,,,,,,
COM,Comoros,2020,,,,,,,,,,
COG,"Congo, Rep.",2020,,,,,,,,,,
COD,"Congo, Dem. Rep.",2020,,,,,,,474224,16.05,,
CIV,Cote d'Ivoire,2020,4.17,3.67,1057382,1092388,1308322,1079210,90432,15.04,0.003,59.95
DJI,Djibouti,2020,3.16,2.69,,,36959,31011,3022,26.37,,
EGY,"Egypt, Arab Rep.",2020,4.85,4.69,1363503,1388741,5088640,4729937,583994,48.6,,
GNQ,Equatorial Guinea,2020,,,,,,,,,,
ERI,Eritrea,2020,,,,,,,,,,
ETH,Ethiopia,2020,,,,,,,123323,19.62,,
SWZ,Eswatini,2020,,,,,,,,,,
GAB,Gabon,2020,,,,,,,,,,
GMB,"Gambia, The",2020,,,68235,49440,,,11036,24.64,,
GHA,Ghana,2020,,,409340,403252,1538478,1479766,207972,26.4,,
GNB,Guinea-Bissau,2020,,,,,,,,,,
GIN,Guinea,2020,2.85,1.97,582193,696403,447023,316812,34512,5.35,,83.05
KEN,Kenya,2020,,,,,,,,,,
LSO,Lesotho,2020,,,48481,38650,,,5380,55.69,,
LBY,Libya,2020,,,,,,,,,,
LBR,Liberia,2020,2.64,2.52,148947,140670,141232,133341,17857,6.74,,
MWI,Malawi,2020,,,,,,,,,,
MDG,Madagascar,2020,,,1143595,1080764,,,,,,
MLI,Mali,2020,2.17,1.89,,,558193,475202,55755,14.04,14.565,40.28
MRT,Mauritania,2020,2.49,2.54,,,126845,131493,,,,
MUS,Mauritius,2020,6.12,6.38,13621,9837,56823,57301,10703,60.33,,
MOZ,Mozambique,2020,,,682177,817222,,709194,,,,
MAR,Morocco,2020,4.99,4.73,323793,358221,1565779,1417509,149099,37.81,,
NAM,Namibia,2020,,,,,,,,,,
NGA,Nigeria,2020,2.66,2.63,,,6726153,6427939,861872,51.19,,
NER,Niger,2020,,,,,,,,,,
RWA,Rwanda,2020,,,,,,,,,,
STP,Sao Tome and Principe,2020,,,,,,,,,,
SEN,Senegal,2020,2.88,3.42,,,558489,636614,51192,17.83,0.328,74.3
SYC,Seychelles,2020,7.21,7.28,,,3663,3809,712,56.18,,
SOM,Somalia,2020,,,,,,,,,,
SLE,Sierra Leone,2020,4.31,4.35,248851,240737,395584,393863,29940,13.25,19.792,35.63
ZAF,South Africa,2020,4.87,5.33,387829,298901,2459349,2641462,187854.1719,59.22,1.747,68.82
SDN,Sudan,2020,,,,,,,,,,
SSD,South Sudan,2020,,,,,,,,,,
TZA,Tanzania,2020,1.77,1.89,,,1195102,1285780,106006,33.04,,
TGO,Togo,2020,,,,,,,30494,6.7,,
TUN,Tunisia,2020,,,,,,,88259,55.37,,
UGA,Uganda,2020,,,,,,,,,,
ZMB,Zambia,2020,,,,,,,,,,
ZWE,Zimbabwe,2020,,,383181,390029,,,,,,
BEN,Benin,2020,3.45,2.75,517188,580391,495640,390805,48785,11.93,,
DZA,Algeria,2021,,,,,,,,,,
AGO,Angola,2021,3.68,3.18,,,1319375,1144941,88120,35.21,,
BWA,Botswana,2021,3.36,3.7,,,84095,91418,15284,55.82,,
BFA,Burkina Faso,2021,2.72,2.98,1086640,966624,659584,710868,68193,17.25,,
CPV,Cabo Verde,2021,5.49,6.47,4760,2246,26686,28652,3628,55.15,,
CMR,Cameroon,2021,3.5,3.04,1084684,1191769,1022928,895996,109602,39.81,,
BDI,Burundi,2021,,,,,,,,,,
CAF,Central African Republic,2021,,,,,,,,,,
TCD,Chad,2021,2.08,1.23,876936,1032102,419840,243962,,,,
COM,Comoros,2021,,,30158,26205,,,,,,
COG,"Congo, Rep.",2021,,,,,,,,,,
COD,"Congo, Dem. Rep.",2021,4.07,2.58,,,4494103,2855311,557804,16.34,,
CIV,Cote d'Ivoire,2021,4.24,3.85,1083570,1096592,1381314,1182230,87535,15.57,0.014,64.12
DJI,Djibouti,2021,,,,,37748,30986,3278,26.02,,
EGY,"Egypt, Arab Rep.",2021,4.99,4.8,1206166,1267880,5361837,4949033,569800,49.04,4.57,49.65
GNQ,Equatorial Guinea,2021,,,,,,,,,,
ERI,Eritrea,2021,,,,,,,,,,
ETH,Ethiopia,2021,,,,,,,129033,19.61,,
SWZ,Eswatini,2021,,,,,,,,,,
GAB,Gabon,2021,,,,,111869,120234,,,,
GMB,"Gambia, The",2021,5.87,6.98,68042,45207,170483,199300,12452,25.22,,
GHA,Ghana,2021,,,396092,441278,1608246.125,1555227.875,195899,26.38,,
GNB,Guinea-Bissau,2021,,,,,,,,,,
GIN,Guinea,2021,2.67,1.93,604884,704029,431940,318107,33299,5.8,,
KEN,Kenya,2021,,,,,,,,,,
LSO,Lesotho,2021,,,50452,40253,,,,,,
LBY,Libya,2021,,,,,,,,,,
LBR,Liberia,2021,,,168330,159918,,,,,,
MWI,Malawi,2021,2.13,2.14,,,530186,545059,,,,
MDG,Madagascar,2021,2.37,2.51,1143375,1075360,792980,830740,,,,
MLI,Mali,2021,,,,,,,59522,13.11,12.643,38.9
MRT,Mauritania,2021,,,,,,,,,,
MUS,Mauritius,2021,,,,,,,9555,64.46,,
MOZ,Mozambique,2021,,1.7,,,,615746,,,,
MAR,Morocco,2021,4.98,4.8,344131,357715,1585711,1461807,147968,38.58,,
NAM,Namibia,2021,,,,,,,,,,
NGA,Nigeria,2021,2.74,2.71,,,7140574,6807011,912245,50.66,,
NER,Niger,2021,,,1394028,1413811,,,,,,
RWA,Rwanda,2021,2.59,2.92,215602,185375,363214,419632,28578,31.78,5.863,33.36
STP,Sao Tome and Principe,2021,5.17,5.56,2629,2582,13430,14987,,,,
SEN,Senegal,2021,2.85,3.51,,,571469,671939,50740,17.86,0.355,74.49
SYC,Seychelles,2021,6.96,7.34,,,3742,3895,657,55.71,,
SOM,Somalia,2021,,,,,,,,,,
SLE,Sierra Leone,2021,5.02,5.15,188264,174368,470135,475771,30710,14.17,20.306,46.15
ZAF,South Africa,2021,5.07,5.5,383081,261182,2586184,2767465,179504,60.75,2.184,66.34
SDN,Sudan,2021,,,,,,,,,,
SSD,South Sudan,2021,,,,,,,,,,
TZA,Tanzania,2021,1.84,1.98,2532923,2457160,1373554,1457324,,,,
TGO,Togo,2021,4.93,3.99,206603,252045,471678,380683,32911,7.1,,
TUN,Tunisia,2021,,,,,,,87871,55.53,,
UGA,Uganda,2021,,,,,,,,,,
ZMB,Zambia,2021,,,,,,,,,,
ZWE,Zimbabwe,2021,,,392496,405110,,,,,,
BEN,Benin,2021,3.42,2.81,537260,593261,507370,410915,50726,12.28,,
DZA,Algeria,2022,7.21,7.43,,,,,,,,
AGO,Angola,2022,,,,,,,,,,
BWA,Botswana,2022,,,24018,20495,,,17310,56.91,,
BFA,Burkina Faso,2022,2.33,2.67,1217336,1073561,587875,662347,66187,17.99,,
CPV,Cabo Verde,2022,,,,,,,,,,
CMR,Cameroon,2022,3.46,3.08,1102866,1201392,1046142,937237,115176,40.73,,
BDI,Burundi,2022,,,,,,,,,,
CAF,Central African Republic,2022,,,,,,,,,,
TCD,Chad,2022,,,,,453298,,31740,8.69,,
COM,Comoros,2022,,,,,,,,,,
COG,"Congo, Rep.",2022,,,,,,,,,,
COD,"Congo, Dem. Rep.",2022,,,,,,,,,,
CIV,Cote d'Ivoire,2022,4.02,3.74,1186986,1118419,1340497,1182468,95734,15.53,0.016,64.04
DJI,Djibouti,2022,,,,,38452,32451,3463,25.87,,
EGY,"Egypt, Arab Rep.",2022,,,,,,,481408,51.07,4.712,51.19
GNQ,Equatorial Guinea,2022,,,,,,,,,,
ERI,Eritrea,2022,3.46,2.9,108530,139090,145685,121144,9725,31.01,,
ETH,Ethiopia,2022,,,,,,,,,,
SWZ,Eswatini,2022,,,,,,,,,,
GAB,Gabon,2022,,,,,,,,,,
GMB,"Gambia, The",2022,,,70290,43134,,,,,,
GHA,Ghana,2022,,,,,1656949,1632658,,,,
GNB,Guinea-Bissau,2022,,,,,,,,,,
GIN,Guinea,2022,,,,,,,,,,
KEN,Kenya,2022,,,,,,,,,,
LSO,Lesotho,2022,,,52387,42061,,,5548,55.25,,
LBY,Libya,2022,,,,,,,,,,
LBR,Liberia,2022,2.58,2.63,179076,170298,168669,167907,,,,
MWI,Malawi,2022,2.08,2.12,,,538838,558162,,,,
MDG,Madagascar,2022,,,,,,,,,,
MLI,Mali,2022,,,,,,,,,,
MRT,Mauritania,2022,,,,,,,,,,
MUS,Mauritius,2022,,,,,,,,,,
MOZ,Mozambique,2022,,1.94,,,,690464,,,,
MAR,Morocco,2022,5.21,5.05,286786,296233,1682068,1562476,157250,39.14,,
NAM,Namibia,2022,,,,,,,,,,
NGA,Nigeria,2022,,,,,,,,,,
NER,Niger,2022,,,1485480,1481988,,,,,,
RWA,Rwanda,2022,2.62,2.98,197085,155793,367425,433031,29619,32.93,5.242,58.84
STP,Sao Tome and Principe,2022,,,,,,,,,,
SEN,Senegal,2022,2.81,3.58,1080435,917167,584867,701249,54742,18.31,0.602,71.89
SYC,Seychelles,2022,5.22,5.41,588,365,3953,4085,676,55.33,,
SOM,Somalia,2022,,,,,,,,,,
SLE,Sierra Leone,2022,,,143624,112618,,,,,17.076,51.78
ZAF,South Africa,2022,5.01,5.38,23973,69542,2600603,2779912,182070,60.54,1.881,69.17
SDN,Sudan,2022,,,,,,,,,,
SSD,South Sudan,2022,,,,,,,,,,
TZA,Tanzania,2022,,,3072708,2918629,,,,,,
TGO,Togo,2022,,,,,,,,,,
TUN,Tunisia,2022,,,,,,,88816,55.95,,
UGA,Uganda,2022,,,,,,,,,,
ZMB,Zambia,2022,,,,,,,,,,
ZWE,Zimbabwe,2022,,,414818,420820,,,,,,
BEN,Benin,2022,3.29,2.79,569254,614748,506080,423019,57296,12.17,,
DZA,Algeria,2023,7.03,7.32,285487,165350,,,,,1.686,43.26
AGO,Angola,2023,,,,,,,,,,
BWA,Botswana,2023,,,,,,,,,,
BFA,Burkina Faso,2023,2.09,2.48,1298459,1143559,548209,637271,67573,18.06,,
CPV,Cabo Verde,2023,,,,,,,,,,
CMR,Cameroon,2023,3.39,3.02,1167384,1256608,1058699,948662,118092,40.92,,
BDI,Burundi,2023,,,,,,,,,,
CAF,Central African Republic,2023,,,,,,,,,,
TCD,Chad,2023,2.08,1.37,935647,1076023,456131,294049,33149,9.08,,
COM,Comoros,2023,3.8,3.98,28980,26731,33820,33944,7728,10.74,,
COG,"Congo, Rep.",2023,,,,,,,38064,11.83,,
COD,"Congo, Dem. Rep.",2023,,,,,,,621578,17.58,,
CIV,Cote d'Ivoire,2023,4.62,4.5,953990,907259,1610019,1488256,96802,16.4,0.717,62.1
DJI,Djibouti,2023,3.24,2.81,,,37449,31913,3554,27.77,,
EGY,"Egypt, Arab Rep.",2023,5.15,4.97,1189162,1264282,5818817,5371704,571544,49.34,,
GNQ,Equatorial Guinea,2023,,,,,,,,,,
ERI,Eritrea,2023,,,,,,,,,,
ETH,Ethiopia,2023,,,,,,,,,,
SWZ,Eswatini,2023,,,,,,,,,,
GAB,Gabon,2023,,,,,,,,,,
GMB,"Gambia, The",2023,,,66363,34691,,,,,,
GHA,Ghana,2023,,,,,,,,,,
GNB,Guinea-Bissau,2023,,,,,,,,,,
GIN,Guinea,2023,,,,,,,,,,
KEN,Kenya,2023,,,,,,,,,,
LSO,Lesotho,2023,,,56914,47184,,,5672,55.24,,
LBY,Libya,2023,,,,,,,,,,
LBR,Liberia,2023,,,,,,,,,,
MWI,Malawi,2023,,,,,,,,,,
MDG,Madagascar,2023,,,1313362,1251402,,,,,,
MLI,Mali,2023,2.44,2.23,,,690765,614375,80395,13.27,,
MRT,Mauritania,2023,,,,,,,,,,
MUS,Mauritius,2023,,,,,,,9279,64.81,,
MOZ,Mozambique,2023,,,,,,,,,,
MAR,Morocco,2023,5.39,5.29,267228,262892,1768941,1665332,168713,39.41,,
NAM,Namibia,2023,,,,,,,10420,,,
NGA,Nigeria,2023,,,,,,,,,,
NER,Niger,2023,1.58,1.45,1694168,1665734,481438,428746,24942,26.92,,
RWA,Rwanda,2023,2.61,3.02,209357,184074,374040,445222,33641,34.07,6.978,55.76
STP,Sao Tome and Principe,2023,,,,,,,,,,
SEN,Senegal,2023,2.69,3.52,1148335,968478,577601,705639,55703,18.26,,
SYC,Seychelles,2023,5.01,5.23,646,476,3846,4015,701,55.49,,
SOM,Somalia,2023,0.31,0.22,,,68743,47085,,,,
SLE,Sierra Leone,2023,,,156280,94418,,,,,,
ZAF,South Africa,2023,,,,,,,,,2.243,65.9
SDN,Sudan,2023,,,,,,,,,,
SSD,South Sudan,2023,,,,,,,,,,
TZA,Tanzania,2023,,,2725923,2594328,,,,,,
TGO,Togo,2023,4.79,4.11,259138,293624,493641,421573,51488,45.43,,
TUN,Tunisia,2023,,,,,,,89644,56.62,,
UGA,Uganda,2023,,,,,,,,,,
ZMB,Zambia,2023,,,,,,,,,,
ZWE,Zimbabwe,2023,,,417303,412353,,,,,,
BEN,Benin,2023,,,,,,,,,,
